{
  "version": "2022.2",
  "applications": [],
  "platforms": [
    {
      "name": "ZynqSynthPlatform"
    }
  ],
  "systems": [
    {
      "name": "xadcps_polled_printf_example_1_system",
      "platform": "C:/training/ZynqSoundSynthesizer/Software/ZynqSynthPlatform/export/ZynqSynthPlatform/ZynqSynthPlatform.xpfm",
      "sysConfig": "ZynqSynthPlatform",
      "buildConfig": "Debug",
      "applications": [
        {
          "name": "xadcps_polled_printf_example_1",
          "platform": "C:/training/ZynqSoundSynthesizer/Software/ZynqSynthPlatform/export/ZynqSynthPlatform/ZynqSynthPlatform.xpfm",
          "platformPath": "C:\\training\\ZynqSoundSynthesizer\\Software\\ZynqSynthPlatform\\export\\ZynqSynthPlatform",
          "sysConfig": "ZynqSynthPlatform",
          "domain": "standalone_domain",
          "system": "xadcps_polled_printf_example_1_system"
        }
      ],
      "platformPath": "C:\\training\\ZynqSoundSynthesizer\\Software\\ZynqSynthPlatform\\export\\ZynqSynthPlatform"
    }
  ],
  "others": []
}